"PointID","x","y","Pressure","Velocity_x","Velocity_y","Nu_Tilde"
4, 1.000000000000000e+00, 0.000000000000000e+00, -1.546813148974747e-02, 0.000000000000000e+00, 0.000000000000000e+00, 0.000000000000000e+00
5, 9.997532800000000e-01, 2.619000000000000e-05, -8.688170655912708e-03, 0.000000000000000e+00, 0.000000000000000e+00, 0.000000000000000e+00
6, 9.990133600000000e-01, 1.047000000000000e-04, -7.894522473421702e-03, 0.000000000000000e+00, 0.000000000000000e+00, 0.000000000000000e+00
7, 9.977809800000000e-01, 2.352900000000000e-04, -7.225563159934078e-03, 0.000000000000000e+00, 0.000000000000000e+00, 0.000000000000000e+00
8, 9.960573500000000e-01, 4.176100000000000e-04, -7.098719680109970e-03, 0.000000000000000e+00, 0.000000000000000e+00, 0.000000000000000e+00
9, 9.938441700000000e-01, 6.511500000000000e-04, -8.361676120838515e-03, 0.000000000000000e+00, 0.000000000000000e+00, 0.000000000000000e+00
10, 9.911436300000001e-01, 9.352700000000000e-04, -9.357921703992413e-03, 0.000000000000000e+00, 0.000000000000000e+00, 0.000000000000000e+00
11, 9.879583800000000e-01, 1.269180000000000e-03, -1.011144337677879e-02, 0.000000000000000e+00, 0.000000000000000e+00, 0.000000000000000e+00
12, 9.842915800000001e-01, 1.651980000000000e-03, -1.092027031589208e-02, 0.000000000000000e+00, 0.000000000000000e+00, 0.000000000000000e+00
13, 9.801468400000000e-01, 2.082630000000000e-03, -1.148919768512615e-02, 0.000000000000000e+00, 0.000000000000000e+00, 0.000000000000000e+00
14, 9.755282600000000e-01, 2.559980000000000e-03, -1.253180773644330e-02, 0.000000000000000e+00, 0.000000000000000e+00, 0.000000000000000e+00
15, 9.704403800000000e-01, 3.082790000000000e-03, -1.402697277411088e-02, 0.000000000000000e+00, 0.000000000000000e+00, 0.000000000000000e+00
16, 9.648882400000000e-01, 3.649670000000000e-03, -1.522021938440571e-02, 0.000000000000000e+00, 0.000000000000000e+00, 0.000000000000000e+00
17, 9.588773100000000e-01, 4.259190000000000e-03, -1.549748765219548e-02, 0.000000000000000e+00, 0.000000000000000e+00, 0.000000000000000e+00
18, 9.524135300000000e-01, 4.909790000000000e-03, -1.734408547711922e-02, 0.000000000000000e+00, 0.000000000000000e+00, 0.000000000000000e+00
19, 9.455032600000000e-01, 5.599850000000000e-03, -1.867442802316148e-02, 0.000000000000000e+00, 0.000000000000000e+00, 0.000000000000000e+00
20, 9.381533399999999e-01, 6.327700000000000e-03, -1.995065143913023e-02, 0.000000000000000e+00, 0.000000000000000e+00, 0.000000000000000e+00
21, 9.303710100000000e-01, 7.091560000000000e-03, -2.111255950961569e-02, 0.000000000000000e+00, 0.000000000000000e+00, 0.000000000000000e+00
22, 9.221639600000000e-01, 7.889640000000000e-03, -2.197013867726214e-02, 0.000000000000000e+00, 0.000000000000000e+00, 0.000000000000000e+00
23, 9.135402900000000e-01, 8.720080000000000e-03, -2.445364179269913e-02, 0.000000000000000e+00, 0.000000000000000e+00, 0.000000000000000e+00
24, 9.045085000000000e-01, 9.580979999999999e-03, -2.620487813831595e-02, 0.000000000000000e+00, 0.000000000000000e+00, 0.000000000000000e+00
25, 8.950775100000000e-01, 1.047041000000000e-02, -2.810327087334325e-02, 0.000000000000000e+00, 0.000000000000000e+00, 0.000000000000000e+00
26, 8.852566200000000e-01, 1.138641000000000e-02, -2.741933570594018e-02, 0.000000000000000e+00, 0.000000000000000e+00, 0.000000000000000e+00
27, 8.750555300000000e-01, 1.232699000000000e-02, -2.837198786662637e-02, 0.000000000000000e+00, 0.000000000000000e+00, 0.000000000000000e+00
28, 8.644843100000000e-01, 1.329014000000000e-02, -3.072513714864922e-02, 0.000000000000000e+00, 0.000000000000000e+00, 0.000000000000000e+00
29, 8.535533900000000e-01, 1.427385000000000e-02, -3.303453294641919e-02, 0.000000000000000e+00, 0.000000000000000e+00, 0.000000000000000e+00
30, 8.422735500000000e-01, 1.527606000000000e-02, -3.576512018706408e-02, 0.000000000000000e+00, 0.000000000000000e+00, 0.000000000000000e+00
31, 8.306559300000000e-01, 1.629472000000000e-02, -3.894419026546136e-02, 0.000000000000000e+00, 0.000000000000000e+00, 0.000000000000000e+00
32, 8.187119899999999e-01, 1.732776000000000e-02, -4.086583191489408e-02, 0.000000000000000e+00, 0.000000000000000e+00, 0.000000000000000e+00
33, 8.064535300000000e-01, 1.837310000000000e-02, -4.359771438665307e-02, 0.000000000000000e+00, 0.000000000000000e+00, 0.000000000000000e+00
34, 7.938926300000000e-01, 1.942865000000000e-02, -4.496111374604267e-02, 0.000000000000000e+00, 0.000000000000000e+00, 0.000000000000000e+00
35, 7.810416900000000e-01, 2.049228000000000e-02, -4.742724545703985e-02, 0.000000000000000e+00, 0.000000000000000e+00, 0.000000000000000e+00
36, 7.679134000000000e-01, 2.156187000000000e-02, -5.068960131579126e-02, 0.000000000000000e+00, 0.000000000000000e+00, 0.000000000000000e+00
37, 7.545207100000000e-01, 2.263527000000000e-02, -5.245270663875258e-02, 0.000000000000000e+00, 0.000000000000000e+00, 0.000000000000000e+00
38, 7.408768400000000e-01, 2.371031000000000e-02, -5.481433433962918e-02, 0.000000000000000e+00, 0.000000000000000e+00, 0.000000000000000e+00
39, 7.269952500000000e-01, 2.478478000000000e-02, -5.768950985306999e-02, 0.000000000000000e+00, 0.000000000000000e+00, 0.000000000000000e+00
40, 7.128896500000000e-01, 2.585646000000000e-02, -5.765732619684936e-02, 0.000000000000000e+00, 0.000000000000000e+00, 0.000000000000000e+00
41, 6.985739500000000e-01, 2.692309000000000e-02, -6.121562767115760e-02, 0.000000000000000e+00, 0.000000000000000e+00, 0.000000000000000e+00
42, 6.840622800000000e-01, 2.798238000000000e-02, -6.525573582326608e-02, 0.000000000000000e+00, 0.000000000000000e+00, 0.000000000000000e+00
43, 6.693689600000000e-01, 2.903198000000000e-02, -6.771589523597019e-02, 0.000000000000000e+00, 0.000000000000000e+00, 0.000000000000000e+00
44, 6.545085000000000e-01, 3.006954000000000e-02, -6.979864177521534e-02, 0.000000000000000e+00, 0.000000000000000e+00, 0.000000000000000e+00
45, 6.394955500000000e-01, 3.109265000000000e-02, -7.112452828970071e-02, 0.000000000000000e+00, 0.000000000000000e+00, 0.000000000000000e+00
46, 6.243449400000000e-01, 3.209884000000000e-02, -7.409482047663718e-02, 0.000000000000000e+00, 0.000000000000000e+00, 0.000000000000000e+00
47, 6.090716200000000e-01, 3.308563000000000e-02, -7.671677339984569e-02, 0.000000000000000e+00, 0.000000000000000e+00, 0.000000000000000e+00
48, 5.936906600000000e-01, 3.405048000000000e-02, -7.851527520192245e-02, 0.000000000000000e+00, 0.000000000000000e+00, 0.000000000000000e+00
49, 5.782172300000000e-01, 3.499083000000000e-02, -8.124037521538269e-02, 0.000000000000000e+00, 0.000000000000000e+00, 0.000000000000000e+00
50, 5.626666200000000e-01, 3.590406000000000e-02, -8.411556169857311e-02, 0.000000000000000e+00, 0.000000000000000e+00, 0.000000000000000e+00
51, 5.470541600000000e-01, 3.678753000000000e-02, -8.748282300702127e-02, 0.000000000000000e+00, 0.000000000000000e+00, 0.000000000000000e+00
52, 5.313952600000000e-01, 3.763859000000000e-02, -9.031693599108835e-02, 0.000000000000000e+00, 0.000000000000000e+00, 0.000000000000000e+00
53, 5.157053800000000e-01, 3.845454000000000e-02, -9.798973668706611e-02, 0.000000000000000e+00, 0.000000000000000e+00, 0.000000000000000e+00
54, 5.000000000000000e-01, 3.923269000000000e-02, -9.926110943178280e-02, 0.000000000000000e+00, 0.000000000000000e+00, 0.000000000000000e+00
55, 4.842946200000000e-01, 3.997034000000000e-02, -9.920159719224461e-02, 0.000000000000000e+00, 0.000000000000000e+00, 0.000000000000000e+00
56, 4.686047400000000e-01, 4.066481000000000e-02, -1.016549238000492e-01, 0.000000000000000e+00, 0.000000000000000e+00, 0.000000000000000e+00
57, 4.529458400000000e-01, 4.131341000000000e-02, -1.064043350772934e-01, 0.000000000000000e+00, 0.000000000000000e+00, 0.000000000000000e+00
58, 4.373333800000000e-01, 4.191351000000000e-02, -1.071429302266751e-01, 0.000000000000000e+00, 0.000000000000000e+00, 0.000000000000000e+00
59, 4.217827700000000e-01, 4.246250000000000e-02, -1.097114264739661e-01, 0.000000000000000e+00, 0.000000000000000e+00, 0.000000000000000e+00
60, 4.063093400000000e-01, 4.295784000000000e-02, -1.167860181194360e-01, 0.000000000000000e+00, 0.000000000000000e+00, 0.000000000000000e+00
61, 3.909283800000000e-01, 4.339705000000000e-02, -1.146729660212022e-01, 0.000000000000000e+00, 0.000000000000000e+00, 0.000000000000000e+00
62, 3.756550600000000e-01, 4.377774000000000e-02, -1.201225629088531e-01, 0.000000000000000e+00, 0.000000000000000e+00, 0.000000000000000e+00
63, 3.605044500000000e-01, 4.409764000000000e-02, -1.117899711770407e-01, 0.000000000000000e+00, 0.000000000000000e+00, 0.000000000000000e+00
64, 3.454915000000000e-01, 4.435455000000000e-02, -1.235182679635578e-01, 0.000000000000000e+00, 0.000000000000000e+00, 0.000000000000000e+00
65, 3.306310400000000e-01, 4.454643000000000e-02, -1.294109388142007e-01, 0.000000000000000e+00, 0.000000000000000e+00, 0.000000000000000e+00
66, 3.159377200000000e-01, 4.467139000000000e-02, -1.244295670484076e-01, 0.000000000000000e+00, 0.000000000000000e+00, 0.000000000000000e+00
67, 3.014260500000000e-01, 4.472768000000000e-02, -1.335099826277235e-01, 0.000000000000000e+00, 0.000000000000000e+00, 0.000000000000000e+00
68, 2.871103500000000e-01, 4.471371000000000e-02, -1.367305997209521e-01, 0.000000000000000e+00, 0.000000000000000e+00, 0.000000000000000e+00
69, 2.730047500000000e-01, 4.462811000000000e-02, -1.388674319164841e-01, 0.000000000000000e+00, 0.000000000000000e+00, 0.000000000000000e+00
70, 2.591231600000000e-01, 4.446966000000000e-02, -1.400752008008420e-01, 0.000000000000000e+00, 0.000000000000000e+00, 0.000000000000000e+00
71, 2.454792900000000e-01, 4.423738000000000e-02, -1.377265387609053e-01, 0.000000000000000e+00, 0.000000000000000e+00, 0.000000000000000e+00
72, 2.320866000000000e-01, 4.393049000000000e-02, -1.476913030449458e-01, 0.000000000000000e+00, 0.000000000000000e+00, 0.000000000000000e+00
73, 2.189583100000000e-01, 4.354842000000000e-02, -1.498671234488839e-01, 0.000000000000000e+00, 0.000000000000000e+00, 0.000000000000000e+00
74, 2.061073700000000e-01, 4.309083000000000e-02, -1.652736519326261e-01, 0.000000000000000e+00, 0.000000000000000e+00, 0.000000000000000e+00
75, 1.935464700000000e-01, 4.255760000000000e-02, -1.525256014551495e-01, 0.000000000000000e+00, 0.000000000000000e+00, 0.000000000000000e+00
76, 1.812880100000000e-01, 4.194885000000000e-02, -1.517945788388008e-01, 0.000000000000000e+00, 0.000000000000000e+00, 0.000000000000000e+00
77, 1.693440700000000e-01, 4.126493000000000e-02, -1.588020474371503e-01, 0.000000000000000e+00, 0.000000000000000e+00, 0.000000000000000e+00
78, 1.577264500000000e-01, 4.050640000000000e-02, -1.630100941482119e-01, 0.000000000000000e+00, 0.000000000000000e+00, 0.000000000000000e+00
79, 1.464466100000000e-01, 3.967403000000000e-02, -1.568145413671579e-01, 0.000000000000000e+00, 0.000000000000000e+00, 0.000000000000000e+00
80, 1.355156900000000e-01, 3.876883000000000e-02, -1.633546043330601e-01, 0.000000000000000e+00, 0.000000000000000e+00, 0.000000000000000e+00
81, 1.249444700000000e-01, 3.779200000000000e-02, -1.533499039272055e-01, 0.000000000000000e+00, 0.000000000000000e+00, 0.000000000000000e+00
82, 1.147433800000000e-01, 3.674492000000000e-02, -1.548390252440586e-01, 0.000000000000000e+00, 0.000000000000000e+00, 0.000000000000000e+00
83, 1.049224900000000e-01, 3.562917000000000e-02, -1.701981469124721e-01, 0.000000000000000e+00, 0.000000000000000e+00, 0.000000000000000e+00
84, 9.549150000000001e-02, 3.444646000000000e-02, -1.703881892354674e-01, 0.000000000000000e+00, 0.000000000000000e+00, 0.000000000000000e+00
85, 8.645971000000000e-02, 3.319868000000000e-02, -1.860435755179750e-01, 0.000000000000000e+00, 0.000000000000000e+00, 0.000000000000000e+00
86, 7.783604000000000e-02, 3.188783000000000e-02, -2.130902431003167e-01, 0.000000000000000e+00, 0.000000000000000e+00, 0.000000000000000e+00
87, 6.962899000000000e-02, 3.051603000000000e-02, -1.853395419990038e-01, 0.000000000000000e+00, 0.000000000000000e+00, 0.000000000000000e+00
88, 6.184666000000000e-02, 2.908547000000000e-02, -1.871658125332973e-01, 0.000000000000000e+00, 0.000000000000000e+00, 0.000000000000000e+00
89, 5.449674000000000e-02, 2.759841000000000e-02, -1.864285575350319e-01, 0.000000000000000e+00, 0.000000000000000e+00, 0.000000000000000e+00
90, 4.758647000000000e-02, 2.605717000000000e-02, -1.875615701524743e-01, 0.000000000000000e+00, 0.000000000000000e+00, 0.000000000000000e+00
91, 4.112269000000000e-02, 2.446408000000000e-02, -1.849457933370840e-01, 0.000000000000000e+00, 0.000000000000000e+00, 0.000000000000000e+00
92, 3.511176000000000e-02, 2.282147000000000e-02, -1.673596481207244e-01, 0.000000000000000e+00, 0.000000000000000e+00, 0.000000000000000e+00
93, 2.955962000000000e-02, 2.113164000000000e-02, -1.351453221644660e-01, 0.000000000000000e+00, 0.000000000000000e+00, 0.000000000000000e+00
94, 2.447174000000000e-02, 1.939686000000000e-02, -1.138976812541960e-01, 0.000000000000000e+00, 0.000000000000000e+00, 0.000000000000000e+00
95, 1.985316000000000e-02, 1.761931000000000e-02, -6.878775769988613e-02, 0.000000000000000e+00, 0.000000000000000e+00, 0.000000000000000e+00
96, 1.570842000000000e-02, 1.580109000000000e-02, -2.859757426912254e-03, 0.000000000000000e+00, 0.000000000000000e+00, 0.000000000000000e+00
97, 1.204162000000000e-02, 1.394419000000000e-02, 5.012952548095468e-02, 0.000000000000000e+00, 0.000000000000000e+00, 0.000000000000000e+00
98, 8.856370000000001e-03, 1.205049000000000e-02, 1.151007275894655e-01, 0.000000000000000e+00, 0.000000000000000e+00, 0.000000000000000e+00
99, 6.155830000000000e-03, 1.012171000000000e-02, 1.798436854184625e-01, 0.000000000000000e+00, 0.000000000000000e+00, 0.000000000000000e+00
100, 3.942650000000000e-03, 8.159400000000001e-03, 2.108213331325928e-01, 0.000000000000000e+00, 0.000000000000000e+00, 0.000000000000000e+00
101, 2.219020000000000e-03, 6.164960000000000e-03, 3.103075992712408e-01, 0.000000000000000e+00, 0.000000000000000e+00, 0.000000000000000e+00
102, 9.866400000000000e-04, 4.139610000000000e-03, 4.142279928352826e-01, 0.000000000000000e+00, 0.000000000000000e+00, 0.000000000000000e+00
103, 2.467200000000000e-04, 2.084340000000000e-03, 5.126241380488701e-01, 0.000000000000000e+00, 0.000000000000000e+00, 0.000000000000000e+00
104, 0.000000000000000e+00, 0.000000000000000e+00, 5.748564487539683e-13, 0.000000000000000e+00, 0.000000000000000e+00, 0.000000000000000e+00
105, 0.000000000000000e+00, 0.000000000000000e+00, 4.223436914362023e-01, 0.000000000000000e+00, 0.000000000000000e+00, 0.000000000000000e+00
106, 2.467200000000000e-04, -2.084340000000000e-03, 5.283190082600905e-01, 0.000000000000000e+00, 0.000000000000000e+00, 0.000000000000000e+00
107, 9.866400000000000e-04, -4.139610000000000e-03, 4.290881675982231e-01, 0.000000000000000e+00, 0.000000000000000e+00, 0.000000000000000e+00
108, 2.219020000000000e-03, -6.164960000000000e-03, 3.477685437404119e-01, 0.000000000000000e+00, 0.000000000000000e+00, 0.000000000000000e+00
109, 3.942650000000000e-03, -8.159400000000001e-03, 2.642155264179813e-01, 0.000000000000000e+00, 0.000000000000000e+00, 0.000000000000000e+00
110, 6.155830000000000e-03, -1.012171000000000e-02, 1.708532765682546e-01, 0.000000000000000e+00, 0.000000000000000e+00, 0.000000000000000e+00
111, 8.856370000000001e-03, -1.205049000000000e-02, 1.576573453654622e-01, 0.000000000000000e+00, 0.000000000000000e+00, 0.000000000000000e+00
112, 1.204162000000000e-02, -1.394419000000000e-02, 9.580482650387702e-02, 0.000000000000000e+00, 0.000000000000000e+00, 0.000000000000000e+00
113, 1.570842000000000e-02, -1.580109000000000e-02, 1.240127901412161e-02, 0.000000000000000e+00, 0.000000000000000e+00, 0.000000000000000e+00
114, 1.985316000000000e-02, -1.761931000000000e-02, -9.212271654916171e-02, 0.000000000000000e+00, 0.000000000000000e+00, 0.000000000000000e+00
115, 2.447174000000000e-02, -1.939686000000000e-02, -7.207848865784292e-02, 0.000000000000000e+00, 0.000000000000000e+00, 0.000000000000000e+00
116, 2.955962000000000e-02, -2.113164000000000e-02, -1.435605332345130e-01, 0.000000000000000e+00, 0.000000000000000e+00, 0.000000000000000e+00
117, 3.511176000000000e-02, -2.282147000000000e-02, -1.429746970404555e-01, 0.000000000000000e+00, 0.000000000000000e+00, 0.000000000000000e+00
118, 4.112269000000000e-02, -2.446408000000000e-02, -1.419204445081731e-01, 0.000000000000000e+00, 0.000000000000000e+00, 0.000000000000000e+00
119, 4.758647000000000e-02, -2.605717000000000e-02, -1.644989389668433e-01, 0.000000000000000e+00, 0.000000000000000e+00, 0.000000000000000e+00
120, 5.449674000000000e-02, -2.759841000000000e-02, -1.977481225005706e-01, 0.000000000000000e+00, 0.000000000000000e+00, 0.000000000000000e+00
121, 6.184666000000000e-02, -2.908547000000000e-02, -1.964677579459223e-01, 0.000000000000000e+00, 0.000000000000000e+00, 0.000000000000000e+00
122, 6.962899000000000e-02, -3.051603000000000e-02, -2.054524290076759e-01, 0.000000000000000e+00, 0.000000000000000e+00, 0.000000000000000e+00
123, 7.783604000000000e-02, -3.188783000000000e-02, -2.140460271707420e-01, 0.000000000000000e+00, 0.000000000000000e+00, 0.000000000000000e+00
124, 8.645971000000000e-02, -3.319868000000000e-02, -1.953791825705943e-01, 0.000000000000000e+00, 0.000000000000000e+00, 0.000000000000000e+00
125, 9.549150000000001e-02, -3.444646000000000e-02, -1.799333261490950e-01, 0.000000000000000e+00, 0.000000000000000e+00, 0.000000000000000e+00
126, 1.049224900000000e-01, -3.562917000000000e-02, -1.722282660723315e-01, 0.000000000000000e+00, 0.000000000000000e+00, 0.000000000000000e+00
127, 1.147433800000000e-01, -3.674492000000000e-02, -1.707392815844023e-01, 0.000000000000000e+00, 0.000000000000000e+00, 0.000000000000000e+00
128, 1.249444700000000e-01, -3.779200000000000e-02, -1.606638080177497e-01, 0.000000000000000e+00, 0.000000000000000e+00, 0.000000000000000e+00
129, 1.355156900000000e-01, -3.876883000000000e-02, -1.612238632327208e-01, 0.000000000000000e+00, 0.000000000000000e+00, 0.000000000000000e+00
130, 1.464466100000000e-01, -3.967403000000000e-02, -1.591142748347164e-01, 0.000000000000000e+00, 0.000000000000000e+00, 0.000000000000000e+00
131, 1.577264500000000e-01, -4.050639000000000e-02, -1.687472352758657e-01, 0.000000000000000e+00, 0.000000000000000e+00, 0.000000000000000e+00
132, 1.693440700000000e-01, -4.126493000000000e-02, -1.588986572524604e-01, 0.000000000000000e+00, 0.000000000000000e+00, 0.000000000000000e+00
133, 1.812880100000000e-01, -4.194885000000000e-02, -1.551451476427197e-01, 0.000000000000000e+00, 0.000000000000000e+00, 0.000000000000000e+00
134, 1.935464700000000e-01, -4.255760000000000e-02, -1.623284163596296e-01, 0.000000000000000e+00, 0.000000000000000e+00, 0.000000000000000e+00
135, 2.061073700000000e-01, -4.309083000000000e-02, -1.480011648650861e-01, 0.000000000000000e+00, 0.000000000000000e+00, 0.000000000000000e+00
136, 2.189583100000000e-01, -4.354842000000000e-02, -1.468955587158068e-01, 0.000000000000000e+00, 0.000000000000000e+00, 0.000000000000000e+00
137, 2.320866000000000e-01, -4.393049000000000e-02, -1.424535783141215e-01, 0.000000000000000e+00, 0.000000000000000e+00, 0.000000000000000e+00
138, 2.454792900000000e-01, -4.423738000000000e-02, -1.452532297155290e-01, 0.000000000000000e+00, 0.000000000000000e+00, 0.000000000000000e+00
139, 2.591231600000000e-01, -4.446966000000000e-02, -1.344065821447590e-01, 0.000000000000000e+00, 0.000000000000000e+00, 0.000000000000000e+00
140, 2.730047500000000e-01, -4.462811000000000e-02, -1.362947359267799e-01, 0.000000000000000e+00, 0.000000000000000e+00, 0.000000000000000e+00
141, 2.871103500000000e-01, -4.471371000000000e-02, -1.396401321409860e-01, 0.000000000000000e+00, 0.000000000000000e+00, 0.000000000000000e+00
142, 3.014260500000000e-01, -4.472768000000000e-02, -1.334999781639379e-01, 0.000000000000000e+00, 0.000000000000000e+00, 0.000000000000000e+00
143, 3.159377200000000e-01, -4.467139000000000e-02, -1.377799100876850e-01, 0.000000000000000e+00, 0.000000000000000e+00, 0.000000000000000e+00
144, 3.306310400000000e-01, -4.454643000000000e-02, -1.331833117714087e-01, 0.000000000000000e+00, 0.000000000000000e+00, 0.000000000000000e+00
145, 3.454915000000000e-01, -4.435455000000000e-02, -1.332548099543154e-01, 0.000000000000000e+00, 0.000000000000000e+00, 0.000000000000000e+00
146, 3.605044500000000e-01, -4.409764000000000e-02, -1.203523588017236e-01, 0.000000000000000e+00, 0.000000000000000e+00, 0.000000000000000e+00
147, 3.756550600000000e-01, -4.377774000000000e-02, -1.228557804997283e-01, 0.000000000000000e+00, 0.000000000000000e+00, 0.000000000000000e+00
148, 3.909283800000000e-01, -4.339705000000000e-02, -1.180695948648076e-01, 0.000000000000000e+00, 0.000000000000000e+00, 0.000000000000000e+00
149, 4.063093400000000e-01, -4.295784000000000e-02, -1.220217562952018e-01, 0.000000000000000e+00, 0.000000000000000e+00, 0.000000000000000e+00
150, 4.217827700000000e-01, -4.246250000000000e-02, -1.276528721982648e-01, 0.000000000000000e+00, 0.000000000000000e+00, 0.000000000000000e+00
151, 4.373333800000000e-01, -4.191351000000000e-02, -1.031390867342290e-01, 0.000000000000000e+00, 0.000000000000000e+00, 0.000000000000000e+00
152, 4.529458400000000e-01, -4.131341000000000e-02, -1.048652788185302e-01, 0.000000000000000e+00, 0.000000000000000e+00, 0.000000000000000e+00
153, 4.686047400000000e-01, -4.066481000000000e-02, -1.030721305063990e-01, 0.000000000000000e+00, 0.000000000000000e+00, 0.000000000000000e+00
154, 4.842946200000000e-01, -3.997034000000000e-02, -1.021746422994561e-01, 0.000000000000000e+00, 0.000000000000000e+00, 0.000000000000000e+00
155, 5.000000000000000e-01, -3.923269000000000e-02, -9.869247679797954e-02, 0.000000000000000e+00, 0.000000000000000e+00, 0.000000000000000e+00
156, 5.157053800000000e-01, -3.845454000000000e-02, -9.786164515616595e-02, 0.000000000000000e+00, 0.000000000000000e+00, 0.000000000000000e+00
157, 5.313952600000000e-01, -3.763859000000000e-02, -9.512502909393840e-02, 0.000000000000000e+00, 0.000000000000000e+00, 0.000000000000000e+00
158, 5.470541600000000e-01, -3.678753000000000e-02, -9.119067113250880e-02, 0.000000000000000e+00, 0.000000000000000e+00, 0.000000000000000e+00
159, 5.626666200000000e-01, -3.590406000000000e-02, -9.231763198793537e-02, 0.000000000000000e+00, 0.000000000000000e+00, 0.000000000000000e+00
160, 5.782172300000000e-01, -3.499083000000000e-02, -8.891579262680568e-02, 0.000000000000000e+00, 0.000000000000000e+00, 0.000000000000000e+00
161, 5.936906600000000e-01, -3.405048000000000e-02, -8.529534882215532e-02, 0.000000000000000e+00, 0.000000000000000e+00, 0.000000000000000e+00
162, 6.090716200000000e-01, -3.308563000000000e-02, -8.160237118706812e-02, 0.000000000000000e+00, 0.000000000000000e+00, 0.000000000000000e+00
163, 6.243449400000000e-01, -3.209884000000000e-02, -8.008429973127104e-02, 0.000000000000000e+00, 0.000000000000000e+00, 0.000000000000000e+00
164, 6.394955500000000e-01, -3.109265000000000e-02, -7.553066310969465e-02, 0.000000000000000e+00, 0.000000000000000e+00, 0.000000000000000e+00
165, 6.545085000000000e-01, -3.006954000000000e-02, -7.416455754146355e-02, 0.000000000000000e+00, 0.000000000000000e+00, 0.000000000000000e+00
166, 6.693689600000000e-01, -2.903198000000000e-02, -6.935525655035350e-02, 0.000000000000000e+00, 0.000000000000000e+00, 0.000000000000000e+00
167, 6.840622800000000e-01, -2.798238000000000e-02, -6.830265797671946e-02, 0.000000000000000e+00, 0.000000000000000e+00, 0.000000000000000e+00
168, 6.985739500000000e-01, -2.692309000000000e-02, -6.156868030990389e-02, 0.000000000000000e+00, 0.000000000000000e+00, 0.000000000000000e+00
169, 7.128896500000000e-01, -2.585646000000000e-02, -6.204128507434094e-02, 0.000000000000000e+00, 0.000000000000000e+00, 0.000000000000000e+00
170, 7.269952500000000e-01, -2.478478000000000e-02, -5.844464593274262e-02, 0.000000000000000e+00, 0.000000000000000e+00, 0.000000000000000e+00
171, 7.408768400000000e-01, -2.371031000000000e-02, -5.708864654427461e-02, 0.000000000000000e+00, 0.000000000000000e+00, 0.000000000000000e+00
172, 7.545207100000000e-01, -2.263527000000000e-02, -5.546047852483962e-02, 0.000000000000000e+00, 0.000000000000000e+00, 0.000000000000000e+00
173, 7.679134000000000e-01, -2.156187000000000e-02, -5.185253957515644e-02, 0.000000000000000e+00, 0.000000000000000e+00, 0.000000000000000e+00
174, 7.810416900000000e-01, -2.049228000000000e-02, -5.199992137062272e-02, 0.000000000000000e+00, 0.000000000000000e+00, 0.000000000000000e+00
175, 7.938926300000000e-01, -1.942865000000000e-02, -5.015413007627322e-02, 0.000000000000000e+00, 0.000000000000000e+00, 0.000000000000000e+00
176, 8.064535300000000e-01, -1.837310000000000e-02, -4.797203002292029e-02, 0.000000000000000e+00, 0.000000000000000e+00, 0.000000000000000e+00
177, 8.187119899999999e-01, -1.732776000000000e-02, -4.634738736055668e-02, 0.000000000000000e+00, 0.000000000000000e+00, 0.000000000000000e+00
178, 8.306559300000000e-01, -1.629472000000000e-02, -4.361304048156835e-02, 0.000000000000000e+00, 0.000000000000000e+00, 0.000000000000000e+00
179, 8.422735500000000e-01, -1.527606000000000e-02, -4.075723046620067e-02, 0.000000000000000e+00, 0.000000000000000e+00, 0.000000000000000e+00
180, 8.535533900000000e-01, -1.427385000000000e-02, -3.918041153079917e-02, 0.000000000000000e+00, 0.000000000000000e+00, 0.000000000000000e+00
181, 8.644843100000000e-01, -1.329014000000000e-02, -3.687338228383261e-02, 0.000000000000000e+00, 0.000000000000000e+00, 0.000000000000000e+00
182, 8.750555300000000e-01, -1.232699000000000e-02, -3.475158497250143e-02, 0.000000000000000e+00, 0.000000000000000e+00, 0.000000000000000e+00
183, 8.852566200000000e-01, -1.138641000000000e-02, -3.249355046345223e-02, 0.000000000000000e+00, 0.000000000000000e+00, 0.000000000000000e+00
184, 8.950775100000000e-01, -1.047041000000000e-02, -3.037157279883106e-02, 0.000000000000000e+00, 0.000000000000000e+00, 0.000000000000000e+00
185, 9.045085000000000e-01, -9.580979999999999e-03, -2.959678670516133e-02, 0.000000000000000e+00, 0.000000000000000e+00, 0.000000000000000e+00
186, 9.135402900000000e-01, -8.720080000000000e-03, -2.884143151908894e-02, 0.000000000000000e+00, 0.000000000000000e+00, 0.000000000000000e+00
187, 9.221639600000000e-01, -7.889640000000000e-03, -2.706136926030528e-02, 0.000000000000000e+00, 0.000000000000000e+00, 0.000000000000000e+00
188, 9.303710100000000e-01, -7.091560000000000e-03, -2.457037145947393e-02, 0.000000000000000e+00, 0.000000000000000e+00, 0.000000000000000e+00
189, 9.381533399999999e-01, -6.327700000000000e-03, -2.267473998557211e-02, 0.000000000000000e+00, 0.000000000000000e+00, 0.000000000000000e+00
190, 9.455032600000000e-01, -5.599850000000000e-03, -2.057728053474299e-02, 0.000000000000000e+00, 0.000000000000000e+00, 0.000000000000000e+00
191, 9.524135300000000e-01, -4.909790000000000e-03, -1.844864195181431e-02, 0.000000000000000e+00, 0.000000000000000e+00, 0.000000000000000e+00
192, 9.588773100000000e-01, -4.259190000000000e-03, -1.694680864812799e-02, 0.000000000000000e+00, 0.000000000000000e+00, 0.000000000000000e+00
193, 9.648882400000000e-01, -3.649670000000000e-03, -1.590157606692852e-02, 0.000000000000000e+00, 0.000000000000000e+00, 0.000000000000000e+00
194, 9.704403800000000e-01, -3.082790000000000e-03, -1.450168893396974e-02, 0.000000000000000e+00, 0.000000000000000e+00, 0.000000000000000e+00
195, 9.755282600000000e-01, -2.559980000000000e-03, -1.424824208759281e-02, 0.000000000000000e+00, 0.000000000000000e+00, 0.000000000000000e+00
196, 9.801468400000000e-01, -2.082630000000000e-03, -1.238330925770564e-02, 0.000000000000000e+00, 0.000000000000000e+00, 0.000000000000000e+00
197, 9.842915800000001e-01, -1.651980000000000e-03, -1.048515785436639e-02, 0.000000000000000e+00, 0.000000000000000e+00, 0.000000000000000e+00
198, 9.879583800000000e-01, -1.269180000000000e-03, -9.809159411631525e-03, 0.000000000000000e+00, 0.000000000000000e+00, 0.000000000000000e+00
199, 9.911436300000001e-01, -9.352700000000000e-04, -8.693783920107825e-03, 0.000000000000000e+00, 0.000000000000000e+00, 0.000000000000000e+00
200, 9.938441700000000e-01, -6.511500000000000e-04, -8.499587427076962e-03, 0.000000000000000e+00, 0.000000000000000e+00, 0.000000000000000e+00
201, 9.960573500000000e-01, -4.176100000000000e-04, -8.133501152566022e-03, 0.000000000000000e+00, 0.000000000000000e+00, 0.000000000000000e+00
202, 9.977809800000000e-01, -2.352900000000000e-04, -7.581631416995885e-03, 0.000000000000000e+00, 0.000000000000000e+00, 0.000000000000000e+00
203, 9.990133600000000e-01, -1.047000000000000e-04, -7.246336262820102e-03, 0.000000000000000e+00, 0.000000000000000e+00, 0.000000000000000e+00
204, 9.997532800000000e-01, -2.619000000000000e-05, -8.308611503560421e-03, 0.000000000000000e+00, 0.000000000000000e+00, 0.000000000000000e+00
297, 8.801560750000216e-01, 1.185669999999801e-02, -2.765187964331305e-02, 0.000000000000000e+00, 0.000000000000000e+00, 0.000000000000000e+00
298, 8.697699200000217e-01, 1.280856499999803e-02, -2.968806634117765e-02, 0.000000000000000e+00, 0.000000000000000e+00, 0.000000000000000e+00
299, 8.590188500000001e-01, 1.378199499999999e-02, -3.187498985079903e-02, 0.000000000000000e+00, 0.000000000000000e+00, 0.000000000000000e+00
300, 8.479134700000431e-01, 1.477495499999617e-02, -3.437491681751367e-02, 0.000000000000000e+00, 0.000000000000000e+00, 0.000000000000000e+00
301, 8.364647400000217e-01, 1.578538999999810e-02, -3.705275267694490e-02, 0.000000000000000e+00, 0.000000000000000e+00, 0.000000000000000e+00
302, 8.246839600000000e-01, 1.681124000000000e-02, -3.871265717919904e-02, 0.000000000000000e+00, 0.000000000000000e+00, 0.000000000000000e+00
303, 8.125827600001293e-01, 1.785042999998897e-02, -4.124335361786267e-02, 0.000000000000000e+00, 0.000000000000000e+00, 0.000000000000000e+00
304, 8.001730800000215e-01, 1.890087499999819e-02, -4.465584316239234e-02, 0.000000000000000e+00, 0.000000000000000e+00, 0.000000000000000e+00
305, 7.874671600000216e-01, 1.996046499999821e-02, -4.528001068432673e-02, 0.000000000000000e+00, 0.000000000000000e+00, 0.000000000000000e+00
306, 7.744775450000002e-01, 2.102707499999998e-02, -4.824622873596327e-02, 0.000000000000000e+00, 0.000000000000000e+00, 0.000000000000000e+00
307, 7.612170550000217e-01, 2.209856999999826e-02, -5.158495463681703e-02, 0.000000000000000e+00, 0.000000000000000e+00, 0.000000000000000e+00
308, 7.476987750000216e-01, 2.317278999999830e-02, -5.427343333736492e-02, 0.000000000000000e+00, 0.000000000000000e+00, 0.000000000000000e+00
309, 7.339360450000217e-01, 2.424754499999832e-02, -5.660600466848377e-02, 0.000000000000000e+00, 0.000000000000000e+00, 0.000000000000000e+00
310, 7.199424500000000e-01, 2.532062000000000e-02, -5.831891512052201e-02, 0.000000000000000e+00, 0.000000000000000e+00, 0.000000000000000e+00
311, 7.057318000000001e-01, 2.638977499999999e-02, -5.933774535174738e-02, 0.000000000000000e+00, 0.000000000000000e+00, 0.000000000000000e+00
312, 6.913181150000002e-01, 2.745273499999999e-02, -6.244785502145817e-02, 0.000000000000000e+00, 0.000000000000000e+00, 0.000000000000000e+00
313, 6.767156200000217e-01, 2.850717999999845e-02, -6.702672973364603e-02, 0.000000000000000e+00, 0.000000000000000e+00, 0.000000000000000e+00
314, 6.619387300000217e-01, 2.955075999999849e-02, -6.637743481595861e-02, 0.000000000000000e+00, 0.000000000000000e+00, 0.000000000000000e+00
315, 6.470020250000001e-01, 3.058109499999999e-02, -7.070385461555596e-02, 0.000000000000000e+00, 0.000000000000000e+00, 0.000000000000000e+00
316, 6.319202450000864e-01, 3.159574499999426e-02, -7.174426228951755e-02, 0.000000000000000e+00, 0.000000000000000e+00, 0.000000000000000e+00
317, 6.167082800000216e-01, 3.259223499999860e-02, -7.636939531015031e-02, 0.000000000000000e+00, 0.000000000000000e+00, 0.000000000000000e+00
318, 6.013811400000001e-01, 3.356805499999999e-02, -7.627664910722215e-02, 0.000000000000000e+00, 0.000000000000000e+00, 0.000000000000000e+00
319, 5.859539450000217e-01, 3.452065499999869e-02, -7.919762253058681e-02, 0.000000000000000e+00, 0.000000000000000e+00, 0.000000000000000e+00
320, 5.704419250000001e-01, 3.544744499999999e-02, -8.299320669243888e-02, 0.000000000000000e+00, 0.000000000000000e+00, 0.000000000000000e+00
321, 5.548603900000000e-01, 3.634579500000000e-02, -8.522355801992271e-02, 0.000000000000000e+00, 0.000000000000000e+00, 0.000000000000000e+00
322, 5.392247099999784e-01, 3.721306000000117e-02, -8.874373024197982e-02, 0.000000000000000e+00, 0.000000000000000e+00, 0.000000000000000e+00
323, 5.235503200000000e-01, 3.804656500000000e-02, -9.700743130681380e-02, 0.000000000000000e+00, 0.000000000000000e+00, 0.000000000000000e+00
324, 5.078526900000001e-01, 3.884361500000000e-02, -9.689212642301998e-02, 0.000000000000000e+00, 0.000000000000000e+00, 0.000000000000000e+00
325, 4.921473100000000e-01, 3.960151500000000e-02, -9.647053479317526e-02, 0.000000000000000e+00, 0.000000000000000e+00, 0.000000000000000e+00
326, 4.764496800000217e-01, 4.031757499999904e-02, -9.802192543610316e-02, 0.000000000000000e+00, 0.000000000000000e+00, 0.000000000000000e+00
327, 4.607752900000000e-01, 4.098911000000000e-02, -1.038254279401797e-01, 0.000000000000000e+00, 0.000000000000000e+00, 0.000000000000000e+00
328, 4.451396100000433e-01, 4.161345999999834e-02, -1.081408916191547e-01, 0.000000000000000e+00, 0.000000000000000e+00, 0.000000000000000e+00
329, 4.295580750000000e-01, 4.218800500000000e-02, -1.076855594870667e-01, 0.000000000000000e+00, 0.000000000000000e+00, 0.000000000000000e+00
330, 4.140460550000000e-01, 4.271017000000000e-02, -1.142548850980265e-01, 0.000000000000000e+00, 0.000000000000000e+00, 0.000000000000000e+00
331, 3.986188600000109e-01, 4.317744499999969e-02, -1.153818251044023e-01, 0.000000000000000e+00, 0.000000000000000e+00, 0.000000000000000e+00
332, 3.832917200000217e-01, 4.358739499999946e-02, -1.166781336350419e-01, 0.000000000000000e+00, 0.000000000000000e+00, 0.000000000000000e+00
333, 3.680797550000217e-01, 4.393768999999954e-02, -1.150555226110804e-01, 0.000000000000000e+00, 0.000000000000000e+00, 0.000000000000000e+00
334, 3.529979750000325e-01, 4.422609499999944e-02, -1.199447582680495e-01, 0.000000000000000e+00, 0.000000000000000e+00, 0.000000000000000e+00
335, 3.380612699999891e-01, 4.445049000000014e-02, -1.264268099954577e-01, 0.000000000000000e+00, 0.000000000000000e+00, 0.000000000000000e+00
336, 3.232843800000217e-01, 4.460890999999981e-02, -1.259815525406739e-01, 0.000000000000000e+00, 0.000000000000000e+00, 0.000000000000000e+00
337, 3.086818850000325e-01, 4.469953499999987e-02, -1.287133162434159e-01, 0.000000000000000e+00, 0.000000000000000e+00, 0.000000000000000e+00
338, 2.942682000000217e-01, 4.472069500000002e-02, -1.397962505779702e-01, 0.000000000000000e+00, 0.000000000000000e+00, 0.000000000000000e+00
339, 2.800575500000109e-01, 4.467091000000006e-02, -1.407930674433447e-01, 0.000000000000000e+00, 0.000000000000000e+00, 0.000000000000000e+00
340, 2.660639550000217e-01, 4.454888500000025e-02, -1.369268345077738e-01, 0.000000000000000e+00, 0.000000000000000e+00, 0.000000000000000e+00
341, 2.523012250000271e-01, 4.435352000000046e-02, -1.434094879185714e-01, 0.000000000000000e+00, 0.000000000000000e+00, 0.000000000000000e+00
342, 2.387829450000162e-01, 4.408393500000037e-02, -1.427604761518818e-01, 0.000000000000000e+00, 0.000000000000000e+00, 0.000000000000000e+00
343, 2.255224550000217e-01, 4.373945500000063e-02, -1.488423161652692e-01, 0.000000000000000e+00, 0.000000000000000e+00, 0.000000000000000e+00
344, 2.125328400000271e-01, 4.331962500000096e-02, -1.582161362464932e-01, 0.000000000000000e+00, 0.000000000000000e+00, 0.000000000000000e+00
345, 1.998269200000219e-01, 4.282421500000093e-02, -1.521861102245918e-01, 0.000000000000000e+00, 0.000000000000000e+00, 0.000000000000000e+00
346, 1.874172400000162e-01, 4.225322500000081e-02, -1.514851617862396e-01, 0.000000000000000e+00, 0.000000000000000e+00, 0.000000000000000e+00
347, 1.753160400000108e-01, 4.160689000000062e-02, -1.534430466048333e-01, 0.000000000000000e+00, 0.000000000000000e+00, 0.000000000000000e+00
348, 1.635352600000108e-01, 4.088566500000070e-02, -1.577006573067475e-01, 0.000000000000000e+00, 0.000000000000000e+00, 0.000000000000000e+00
349, 1.520865300000108e-01, 4.009021500000080e-02, -1.537829829833871e-01, 0.000000000000000e+00, 0.000000000000000e+00, 0.000000000000000e+00
350, 1.409811500000056e-01, 3.922143000000046e-02, -1.499426425435609e-01, 0.000000000000000e+00, 0.000000000000000e+00, 0.000000000000000e+00
351, 1.302300800000162e-01, 3.828041500000150e-02, -1.656889065989299e-01, 0.000000000000000e+00, 0.000000000000000e+00, 0.000000000000000e+00
352, 1.198439250000082e-01, 3.726846000000084e-02, -1.544773993230659e-01, 0.000000000000000e+00, 0.000000000000000e+00, 0.000000000000000e+00
353, 1.233600000000000e-04, 1.042170000000000e-03, 4.515542792217716e-01, 0.000000000000000e+00, 0.000000000000000e+00, 0.000000000000000e+00
354, 1.233600000000000e-04, -1.042170000000000e-03, 5.420510438663497e-01, 0.000000000000000e+00, 0.000000000000000e+00, 0.000000000000000e+00
355, 1.198439249999921e-01, -3.726845999999919e-02, -1.638459228731456e-01, 0.000000000000000e+00, 0.000000000000000e+00, 0.000000000000000e+00
356, 1.302300799999838e-01, -3.828041499999850e-02, -1.587005797713185e-01, 0.000000000000000e+00, 0.000000000000000e+00, 0.000000000000000e+00
357, 1.409811499999946e-01, -3.922142999999955e-02, -1.552613537611269e-01, 0.000000000000000e+00, 0.000000000000000e+00, 0.000000000000000e+00
358, 1.520865299999892e-01, -4.009020999999920e-02, -1.663878969643103e-01, 0.000000000000000e+00, 0.000000000000000e+00, 0.000000000000000e+00
359, 1.635352599999947e-01, -4.088565999999966e-02, -1.652346710124072e-01, 0.000000000000000e+00, 0.000000000000000e+00, 0.000000000000000e+00
360, 1.753160399999892e-01, -4.160688999999938e-02, -1.637010347943429e-01, 0.000000000000000e+00, 0.000000000000000e+00, 0.000000000000000e+00
361, 1.874172399999836e-01, -4.225322499999919e-02, -1.565504938214894e-01, 0.000000000000000e+00, 0.000000000000000e+00, 0.000000000000000e+00
362, 1.998269199999781e-01, -4.282421499999907e-02, -1.542500650803302e-01, 0.000000000000000e+00, 0.000000000000000e+00, 0.000000000000000e+00
363, 2.125328399999729e-01, -4.331962499999904e-02, -1.471310184221638e-01, 0.000000000000000e+00, 0.000000000000000e+00, 0.000000000000000e+00
364, 2.255224549999783e-01, -4.373945499999937e-02, -1.477287106048800e-01, 0.000000000000000e+00, 0.000000000000000e+00, 0.000000000000000e+00
365, 2.387829449999838e-01, -4.408393499999963e-02, -1.430330159687405e-01, 0.000000000000000e+00, 0.000000000000000e+00, 0.000000000000000e+00
366, 2.523012249999892e-01, -4.435351999999981e-02, -1.435501977405360e-01, 0.000000000000000e+00, 0.000000000000000e+00, 0.000000000000000e+00
367, 2.660639549999783e-01, -4.454888499999975e-02, -1.376794261418426e-01, 0.000000000000000e+00, 0.000000000000000e+00, 0.000000000000000e+00
368, 2.800575500000000e-01, -4.467091000000000e-02, -1.334796116804772e-01, 0.000000000000000e+00, 0.000000000000000e+00, 0.000000000000000e+00
369, 2.942681999999783e-01, -4.472069499999998e-02, -1.351259424691923e-01, 0.000000000000000e+00, 0.000000000000000e+00, 0.000000000000000e+00
370, 3.086818849999675e-01, -4.469953500000012e-02, -1.376491389309396e-01, 0.000000000000000e+00, 0.000000000000000e+00, 0.000000000000000e+00
371, 3.232843799999783e-01, -4.460891000000018e-02, -1.281086178844175e-01, 0.000000000000000e+00, 0.000000000000000e+00, 0.000000000000000e+00
372, 3.380612699999566e-01, -4.445049000000056e-02, -1.300007290562804e-01, 0.000000000000000e+00, 0.000000000000000e+00, 0.000000000000000e+00
373, 3.529979750000108e-01, -4.422609499999981e-02, -1.282459457460216e-01, 0.000000000000000e+00, 0.000000000000000e+00, 0.000000000000000e+00
374, 3.680797549999891e-01, -4.393769000000023e-02, -1.190412443276677e-01, 0.000000000000000e+00, 0.000000000000000e+00, 0.000000000000000e+00
375, 3.832917199999783e-01, -4.358739500000054e-02, -1.251336601568286e-01, 0.000000000000000e+00, 0.000000000000000e+00, 0.000000000000000e+00
376, 3.986188599999892e-01, -4.317744500000031e-02, -1.211037930801043e-01, 0.000000000000000e+00, 0.000000000000000e+00, 0.000000000000000e+00
377, 4.140460549999674e-01, -4.271017000000104e-02, -1.180769916544757e-01, 0.000000000000000e+00, 0.000000000000000e+00, 0.000000000000000e+00
378, 4.295580750000000e-01, -4.218800500000000e-02, -1.148829119769195e-01, 0.000000000000000e+00, 0.000000000000000e+00, 0.000000000000000e+00
379, 4.451396099999999e-01, -4.161346000000000e-02, -1.058626305342548e-01, 0.000000000000000e+00, 0.000000000000000e+00, 0.000000000000000e+00
380, 4.607752900000000e-01, -4.098911000000000e-02, -1.040594265986349e-01, 0.000000000000000e+00, 0.000000000000000e+00, 0.000000000000000e+00
381, 4.764496799999892e-01, -4.031757500000048e-02, -1.031391055470106e-01, 0.000000000000000e+00, 0.000000000000000e+00, 0.000000000000000e+00
382, 4.921473099999999e-01, -3.960151500000000e-02, -9.868027562266080e-02, 0.000000000000000e+00, 0.000000000000000e+00, 0.000000000000000e+00
383, 5.078526900000000e-01, -3.884361500000000e-02, -9.762228893398452e-02, 0.000000000000000e+00, 0.000000000000000e+00, 0.000000000000000e+00
384, 5.235503199999999e-01, -3.804656500000000e-02, -9.589799238392055e-02, 0.000000000000000e+00, 0.000000000000000e+00, 0.000000000000000e+00
385, 5.392247099999566e-01, -3.721306000000235e-02, -9.590500665508352e-02, 0.000000000000000e+00, 0.000000000000000e+00, 0.000000000000000e+00
386, 5.548603900000000e-01, -3.634579500000000e-02, -8.900694025241124e-02, 0.000000000000000e+00, 0.000000000000000e+00, 0.000000000000000e+00
387, 5.704419249999999e-01, -3.544744500000001e-02, -9.056473988208613e-02, 0.000000000000000e+00, 0.000000000000000e+00, 0.000000000000000e+00
388, 5.859539449999784e-01, -3.452065500000132e-02, -8.594642360165414e-02, 0.000000000000000e+00, 0.000000000000000e+00, 0.000000000000000e+00
389, 6.013811399999783e-01, -3.356805500000136e-02, -8.649434504196270e-02, 0.000000000000000e+00, 0.000000000000000e+00, 0.000000000000000e+00
390, 6.167082799999783e-01, -3.259223500000140e-02, -8.153718233314203e-02, 0.000000000000000e+00, 0.000000000000000e+00, 0.000000000000000e+00
391, 6.319202449999135e-01, -3.159574500000574e-02, -7.882921599657482e-02, 0.000000000000000e+00, 0.000000000000000e+00, 0.000000000000000e+00
392, 6.470020249999999e-01, -3.058109500000001e-02, -7.578716212029567e-02, 0.000000000000000e+00, 0.000000000000000e+00, 0.000000000000000e+00
393, 6.619387299999784e-01, -2.955076000000151e-02, -7.162411317529283e-02, 0.000000000000000e+00, 0.000000000000000e+00, 0.000000000000000e+00
394, 6.767156199999567e-01, -2.850718000000309e-02, -6.910817602836457e-02, 0.000000000000000e+00, 0.000000000000000e+00, 0.000000000000000e+00
395, 6.913181149999569e-01, -2.745273500000315e-02, -6.381296688233050e-02, 0.000000000000000e+00, 0.000000000000000e+00, 0.000000000000000e+00
396, 7.057317999999999e-01, -2.638977500000001e-02, -6.115324351232676e-02, 0.000000000000000e+00, 0.000000000000000e+00, 0.000000000000000e+00
397, 7.199424499999997e-01, -2.532062000000002e-02, -5.994980713275859e-02, 0.000000000000000e+00, 0.000000000000000e+00, 0.000000000000000e+00
398, 7.339360449999782e-01, -2.424754500000168e-02, -5.919869371781790e-02, 0.000000000000000e+00, 0.000000000000000e+00, 0.000000000000000e+00
399, 7.476987749999568e-01, -2.317279000000340e-02, -5.787088641100701e-02, 0.000000000000000e+00, 0.000000000000000e+00, 0.000000000000000e+00
400, 7.612170549999784e-01, -2.209857000000173e-02, -5.507699211838593e-02, 0.000000000000000e+00, 0.000000000000000e+00, 0.000000000000000e+00
401, 7.744775450000001e-01, -2.102707499999999e-02, -5.213393381272631e-02, 0.000000000000000e+00, 0.000000000000000e+00, 0.000000000000000e+00
402, 7.874671599999784e-01, -1.996046500000179e-02, -4.985338682239543e-02, 0.000000000000000e+00, 0.000000000000000e+00, 0.000000000000000e+00
403, 8.001730799999783e-01, -1.890087500000182e-02, -4.933785830326812e-02, 0.000000000000000e+00, 0.000000000000000e+00, 0.000000000000000e+00
404, 8.125827599998706e-01, -1.785043000001103e-02, -4.755254198592034e-02, 0.000000000000000e+00, 0.000000000000000e+00, 0.000000000000000e+00
405, 8.246839599999998e-01, -1.681124000000002e-02, -4.477404687166930e-02, 0.000000000000000e+00, 0.000000000000000e+00, 0.000000000000000e+00
406, 8.364647399999784e-01, -1.578539000000189e-02, -4.138527413009459e-02, 0.000000000000000e+00, 0.000000000000000e+00, 0.000000000000000e+00
407, 8.479134699999999e-01, -1.477495500000001e-02, -3.907297072594292e-02, 0.000000000000000e+00, 0.000000000000000e+00, 0.000000000000000e+00
408, 8.590188499999999e-01, -1.378199500000001e-02, -3.760292584735683e-02, 0.000000000000000e+00, 0.000000000000000e+00, 0.000000000000000e+00
409, 8.697699200000000e-01, -1.280856500000001e-02, -3.649461288907160e-02, 0.000000000000000e+00, 0.000000000000000e+00, 0.000000000000000e+00
410, 8.801560749999785e-01, -1.185670000000199e-02, -3.363973006909145e-02, 0.000000000000000e+00, 0.000000000000000e+00, 0.000000000000000e+00
